model	deposition_date	method	resolution	distance_mean	distance_median
2tpsAH	1999-03-09	x-ray diffraction	1.25	1.5229405668803895	1.5225153544782954
1es5H	2000-04-07	x-ray diffraction	1.4	1.5260882338389363	1.5260052511865712
1nlsH	1997-01-28	x-ray diffraction	0.94	1.527022582726005	1.529110954348207
1tfeH	1996-04-16	x-ray diffraction	1.7	1.5290010111729078	1.529542770648297
1qftAH	1999-04-14	x-ray diffraction	1.25	1.526209661132601	1.5271093813715881
1ftrAH	1997-09-21	x-ray diffraction	1.7	1.525218937858433	1.5250585121587743
1fusH	1993-01-18	x-ray diffraction	1.3	1.53289515450147	1.5335698114357572
1gsoH	1998-09-08	x-ray diffraction	1.6	1.5284468508693283	1.529035524543316
1axnH	1995-08-21	x-ray diffraction	1.78	1.5245722523793401	1.5246053678340652
7odcH	1999-03-03	x-ray diffraction	1.6	1.5230814214336952	1.5228419626743779
1uxyH	1996-11-08	x-ray diffraction	1.8	1.5209441479884156	1.5203504522042972
3silH	1998-07-07	x-ray diffraction	1.05	1.5215652526061458	1.5216959010540223
2bopAH	1994-01-13	x-ray diffraction	1.7	1.522244589048603	1.522674695929869
1qddH	1999-05-20	x-ray diffraction	1.3	1.5223129946954215	1.5227080443801797
1a8iH	1998-03-25	x-ray diffraction	1.78	1.5264476253352441	1.5255108356335474
1tx4AH	1997-07-29	x-ray diffraction	1.65	1.5279120169209155	1.5278434109586865
1qb7H	1999-04-30	x-ray diffraction	1.5	1.5269731631735	1.527321942111513
1vfyH	1999-04-26	x-ray diffraction	1.15	1.5247288001047603	1.5251854475040183
19hcAH	1998-11-27	x-ray diffraction	1.8	1.5241635354043677	1.524208356566537
1msiH	1996-10-08	x-ray diffraction	1.25	1.519728644630413	1.5191749100269023
1c1kH	1999-07-22	x-ray diffraction	1.45	1.526078613797459	1.526134724169503
1kapH	1995-06-08	x-ray diffraction	1.64	1.5259166792634111	1.5256055321930688
1ytbAH	1994-09-28	x-ray diffraction	1.8	1.5263190378565583	1.5276615610447315
3chbDH	1998-03-24	x-ray diffraction	1.25	1.5238607061499774	1.524901936684445
3sdhAH	1993-06-23	x-ray diffraction	1.4	1.5276365980115654	1.526390635992237
1mfmH	1999-04-16	x-ray diffraction	1.02	1.519820781127681	1.5211143792289172
1qgqH	1999-05-04	x-ray diffraction	1.5	1.52441766626314	1.5241786492241887
1koeH	1998-01-22	x-ray diffraction	1.5	1.5261846948231474	1.5254891333539102
1bk0H	1998-07-14	x-ray diffraction	1.3	1.5224206127033886	1.522450235623406
1ammH	1996-03-20	x-ray diffraction	1.2	1.5295431634436143	1.5312160305636937
1qh4AH	1999-05-11	x-ray diffraction	1.41	1.5222401254594815	1.5223027379181406
3ezmH	1998-12-15	x-ray diffraction	1.5	1.5225444683302831	1.523119459015982
1smdH	1996-01-24	x-ray diffraction	1.6	1.5250878555179501	1.525410737014522
1fkjH	1995-08-18	x-ray diffraction	1.7	1.5218300150370914	1.522149070081416
1m6pAH	1998-04-19	x-ray diffraction	1.8	1.5233398215891725	1.5231444764313702
1euwH	2000-04-17	x-ray diffraction	1.05	1.519901158584006	1.5199766076607784
2sn3H	1992-02-20	x-ray diffraction	1.2	1.5220009888015775	1.5180149565189665
1becH	1995-02-28	x-ray diffraction	1.7	1.5260266059475778	1.525222558059497
1t1dH	1998-09-22	x-ray diffraction	1.51	1.5205453307352985	1.521951938206785
1c5eAH	1999-11-18	x-ray diffraction	1.1	1.5206656510703842	1.5227813677091282
1b4kAH	1998-12-22	x-ray diffraction	1.67	1.5234486978388786	1.523138783592864
1cy5H	1999-08-31	x-ray diffraction	1.3	nan	1.5231379527853826
1bm8H	1998-07-29	x-ray diffraction	1.71	1.5269880784243923	1.5262091773771054
1tcaH	1994-02-28	x-ray diffraction	1.55	1.5283037601234217	1.5282219210942416
1ctjH	1995-08-08	x-ray diffraction	1.1	1.5214227757538767	1.5216740154605373
1ajsAH	1997-05-08	x-ray diffraction	1.6	1.5261750078132377	1.5259138362037903
1dbwBH	1999-11-03	x-ray diffraction	1.6	1.5239574262432165	1.524686627799732
1behBH	1998-05-14	x-ray diffraction	1.75	1.5245907507605119	1.5243366988648717
1qtsH	1999-06-29	x-ray diffraction	1.4	1.5218259314776665	1.5229362784790659
1b16AH	1998-11-25	x-ray diffraction	1.4	1.523406186010147	1.523264595991663
153lH	1994-05-05	x-ray diffraction	1.6	1.5209179126371282	1.5211610680204433
1smlH	1998-09-22	x-ray diffraction	1.7	1.5271941196240033	1.5267411112734852
2pthH	1997-03-25	x-ray diffraction	1.2	1.5302703144171876	1.529969506931487
1cxyH	1999-08-31	x-ray diffraction	1.65	1.52147231716577	1.521653574012343
1ygeH	1996-06-04	x-ray diffraction	1.4	1.5287879350322238	1.5289225885190416
1qe3H	1999-07-12	x-ray diffraction	1.5	1.5244703086230447	1.5248606055523362
1dqsAH	1998-04-09	x-ray diffraction	1.8	1.5242750800419473	1.5248307763751316
1vsrH	1999-02-13	x-ray diffraction	1.8	1.5256058420719985	1.525802494266654
1hfcH	1994-09-13	x-ray diffraction	1.56	1.5263680482020983	1.5267447461210406
1bgfH	1998-05-28	x-ray diffraction	1.45	1.5304569734642632	1.5297214759417024
1ampH	1994-04-22	x-ray diffraction	1.8	1.523559425942258	1.523697019195476
1tgxAH	1993-11-24	x-ray diffraction	1.55	1.528865708269696	1.5293515847123431
1ifcH	1991-12-19	x-ray diffraction	1.19	1.518599742661673	1.5196136726282965
1oncH	1993-08-30	x-ray diffraction	1.7	1.528786178185003	1.5306274299649392
1qreH	1999-06-13	x-ray diffraction	1.46	1.521063082978141	1.5212681975300848
2nlrH	1998-11-02	x-ray diffraction	1.2	1.5184240692856061	1.518605971852221
1cnzBH	1999-05-24	x-ray diffraction	1.76	1.528488834176858	1.5292214037388465
1bbzEFH	1998-04-28	x-ray diffraction	1.65	1.5242059295324506	1.5249887149438743
1guqAH	1996-10-23	x-ray diffraction	1.8	1.5195905671318464	1.5185820035075186
1sluH	1996-02-07	x-ray diffraction	1.8	1.5242091493824994	1.5241625652368482
1aqbH	1997-07-28	x-ray diffraction	1.65	1.5256987823195955	1.5254277419710995
5hpgAH	1997-09-19	x-ray diffraction	1.66	1.5300093237161139	1.5321904703459177
1molAH	1993-04-27	x-ray diffraction	1.7	1.521137899965456	1.5225220183526158
1aqzAH	1997-08-04	x-ray diffraction	1.7	1.5253455082035945	1.5242258715381087
1qh5AH	1999-05-11	x-ray diffraction	1.45	1.5242967809335315	1.5239691975111302
1a28BH	1998-01-19	x-ray diffraction	1.8	1.52601887425427	1.5265622852398588
1vnsH	1999-01-14	x-ray diffraction	1.66	1.525944860102002	1.5261410928715031
1c90AH	1999-08-03	x-ray diffraction	1.17	1.519273461372853	1.5195631075327407
2pvbH	1998-10-02	x-ray diffraction	0.91	1.5222335827960252	1.5203694020188006
1qsaH	1999-06-20	x-ray diffraction	1.65	1.5294337740107304	1.5300141445802184
1flpH	1994-05-16	x-ray diffraction	1.5	1.5274439918201246	1.527586776722933
1cmbAH	1992-08-28	x-ray diffraction	1.8	1.5263364499331964	1.527058313791379
5p21H	1990-04-30	x-ray diffraction	1.35	1.526219231223214	1.5255167483895944
8rucAIH	1996-02-22	x-ray diffraction	1.6	1.525532128545118	1.5257198624169583
1b6gH	1999-01-14	x-ray diffraction	1.15	1.519366488354347	1.5191465091569873
3grsH	1988-02-05	x-ray diffraction	1.54	1.519498342354773	1.5204675625096693
1bkrH	1998-07-10	x-ray diffraction	1.1	1.520811311436397	1.5200720541863915
1jerH	1996-08-21	x-ray diffraction	1.6	1.5261585386106822	1.5259149977411883
2ctcH	1993-04-02	x-ray diffraction	1.4	1.5261108028795627	1.5264833090984615
1bsmAH	1998-08-28	x-ray diffraction	1.35	1.5261492760989317	1.526598890584104
1ttbAH	1992-11-02	x-ray diffraction	1.7	1.526014691191459	1.5258063037777971
2kntH	1997-01-15	x-ray diffraction	1.2	1.5189323604189564	1.520540959462962
1qhfAH	1999-05-13	x-ray diffraction	1.7	1.524018870960331	1.5233926381631684
1qh8AH	1999-05-11	x-ray diffraction	1.6	1.5217284045142334	1.5219204016965702
1cf9BH	1999-03-24	x-ray diffraction	1.8	1.5231154651450536	1.5224687408473376
1rgeAH	1995-06-05	x-ray diffraction	1.15	1.5176634395605766	1.5144950461590132
2ahjDH	1997-12-24	x-ray diffraction	1.7	1.5209598502503214	1.5205679300114427
1orcH	1995-10-30	x-ray diffraction	1.54	1.5167721778264627	1.5163076457082534
2ahjCH	1997-12-24	x-ray diffraction	1.7	1.5225888113001969	1.5236331169296804
1erxH	2000-04-06	x-ray diffraction	1.4	1.5235480382358306	1.523688118606052
1bxoH	1998-10-07	x-ray diffraction	0.95	1.5270841892103555	1.5277384832392833
1ceqH	1999-03-10	x-ray diffraction	1.0	1.5235838098715695	1.5236262523925872
3proCH	1998-08-26	x-ray diffraction	1.8	1.5241957377059168	1.524679129201023
1amfH	1997-06-13	x-ray diffraction	1.75	1.5274444852022155	1.5276284377849663
1ecoH	1979-03-07	x-ray diffraction	1.4	1.5271777277183842	1.5282614033997932
1cydAH	1995-09-01	x-ray diffraction	1.8	1.5262787703494947	1.5262727975106896
1a12AH	1997-12-19	x-ray diffraction	1.7	1.5237339297443613	1.523328909852159
1fxdH	1991-04-08	x-ray diffraction	1.7	1.5240376166612568	1.5264563514306928
1svfABH	1999-02-27	x-ray diffraction	1.4	1.5261985970251999	1.5258408685868372
1cgoH	1995-05-01	x-ray diffraction	1.8	1.5217750675391568	1.5206997800438526
5cytH	1988-01-14	x-ray diffraction	1.5	1.5284028502226905	1.5275199083946018
1bd0AH	1998-05-12	x-ray diffraction	1.6	1.5258054744001657	1.5258459955245558
1cruAH	1999-08-16	x-ray diffraction	1.5	1.5245524549973932	1.524672926309949
1a73AH	1998-03-19	x-ray diffraction	1.8	1.5251796616890194	1.5254074909218365
1benABH	1996-02-15	x-ray diffraction	1.4	1.5230088688597634	1.5222679530498757
3cyrH	1997-07-24	x-ray diffraction	1.6	1.5208466119808772	1.5192439599061274
1df4H	1999-11-17	x-ray diffraction	1.45	1.5166297858058775	1.5151991900195354
1psrAH	1997-11-27	x-ray diffraction	1.05	1.5215566936440863	1.5200735428788346
1nzyBH	1996-04-02	x-ray diffraction	1.8	1.5188366401263733	1.5178879649783463
1ay7BH	1997-11-14	x-ray diffraction	1.7	1.5259038087236774	1.5246502500756534
1bx7H	1998-10-14	x-ray diffraction	1.2	1.5221116556519512	1.5208306550329036
1atzAH	1997-08-15	x-ray diffraction	1.8	1.5259173992628667	1.5262137432014788
1pefH	1995-06-19	x-ray diffraction	1.5	1.5343391817077605	1.5346645545228248
1ushH	1998-09-16	x-ray diffraction	1.73	1.5266443434495751	1.5262706601752936
1tc1BH	1998-09-30	x-ray diffraction	1.41	1.527365955678306	1.5270952628474737
2cypH	1985-08-27	x-ray diffraction	1.7	1.5242143058598667	1.5208465822237915
1qgwBDH	1999-05-10	x-ray diffraction	1.63	1.52297519987503	1.5228807618774585
1ajjH	1997-05-04	x-ray diffraction	1.7	1.5234369575659015	1.5212970562994523
1d7pH	1999-10-19	x-ray diffraction	1.5	1.5244473199976112	1.5242354530718976
3htsBH	1998-11-16	x-ray diffraction	1.75	1.5268511961925024	1.5264266258584902
2garH	1998-05-13	x-ray diffraction	1.8	1.526126498915743	1.5263450418976245
1d2nH	1998-06-30	x-ray diffraction	1.75	1.5243379035860873	1.524837760490487
1lamH	1995-08-11	x-ray diffraction	1.6	1.5300098961799709	1.529842842126592
1qq4H	1999-06-10	x-ray diffraction	1.2	1.523343418269334	1.5242827400302108
1vcaAH	1995-03-21	x-ray diffraction	1.8	1.5312588698604466	1.5312254387181827
1dgfAH	1999-11-24	x-ray diffraction	1.5	1.5274982617058626	1.5279218779077595
1b0yH	1998-11-15	x-ray diffraction	0.93	1.5224681434674059	1.5226309960437445
1a4iBH	1998-01-30	x-ray diffraction	1.5	1.5235593060125185	1.5228221580086398
2porH	1992-04-24	x-ray diffraction	1.8	1.5207896985827398	1.5215168834876387
1notH	1996-05-02	x-ray diffraction	1.2	1.5205463942317323	1.5166558084776807
1tudH	1996-02-29	x-ray diffraction	1.77	1.5229733275422312	1.5222888705183264
451cH	1981-07-20	x-ray diffraction	1.6	1.5273640911772879	1.5276478720689384
1bu7AH	1998-09-14	x-ray diffraction	1.65	1.524070851873275	1.5241193630124186
1aieH	1997-04-17	x-ray diffraction	1.5	1.5263433024472974	1.5243086980898903
1a2pAH	1998-01-07	x-ray diffraction	1.5	1.5216660533994049	1.5233657122891076
1ak0H	1997-05-28	x-ray diffraction	1.8	1.526526680814746	1.5265385640069777
1gdoBFH	1996-04-05	x-ray diffraction	1.8	1.522204263949463	1.5232814373466979
1cxqH	1999-08-30	x-ray diffraction	1.02	1.5185021687400964	1.5177891156225636
1bqcH	1998-08-12	x-ray diffraction	1.5	1.5222895547823514	1.5225608062782825
1bdmBH	1993-02-16	x-ray diffraction	1.8	1.5197144235093034	1.5181300772937478
1toaAH	1999-03-03	x-ray diffraction	1.8	1.5271010366232538	1.5283291169090443
1qfmH	1999-04-12	x-ray diffraction	1.4	1.5242261240592276	1.5245415254841603
1dptAH	1998-05-11	x-ray diffraction	1.54	1.5236434512297596	1.523872202804988
1ckeH	1998-09-24	x-ray diffraction	1.75	1.5298474959862782	1.5278232440517028
1cb0H	1999-02-26	x-ray diffraction	1.7	1.5282365898746233	1.528667659928535
1hxnH	1995-06-01	x-ray diffraction	1.8	1.5177945541444575	1.5195825374712402
1qrrH	1999-06-15	x-ray diffraction	1.6	1.5252658744533352	1.5255836745260787
1dosAH	1996-06-24	x-ray diffraction	1.67	1.5260022824724333	1.5267029870772724
1qd1BH	1999-07-08	x-ray diffraction	1.7	1.5240263065292878	1.524863437820033
1fltYH	1997-11-20	x-ray diffraction	1.7	1.528532278634447	1.5267630566954047
1adsH	1992-07-08	x-ray diffraction	1.6	1.5244379180725078	1.5242841349891314
1hfeSLH	1998-11-11	x-ray diffraction	1.6	nan	1.5246674095213533
2endH	1994-08-08	x-ray diffraction	1.45	1.5246336450526088	1.5251775826993623
1kptAH	1995-06-06	x-ray diffraction	1.75	1.5232962620031105	1.5226496217568846
1a8dH	1998-03-23	x-ray diffraction	1.57	1.5242928419300406	1.5244723859014124
1dinH	1996-03-14	x-ray diffraction	1.8	1.5298666051838012	1.523914208082962
1aayH	1997-01-18	x-ray diffraction	1.6	1.5260526439388382	1.526679905604311
1aohBH	1997-07-03	x-ray diffraction	1.7	1.5261840582041761	1.5255978446410263
1b3aAH	1998-12-07	x-ray diffraction	1.6	1.5222291168873407	1.5224231305241214
1rb9H	1997-12-21	x-ray diffraction	0.92	1.5134452914966863	1.5159215094509286
1poaH	1992-09-07	x-ray diffraction	1.5	1.5315453922620137	1.532852491083303
1bfgH	1993-04-15	x-ray diffraction	1.6	1.5256301232097165	1.5263957770141396
2erlH	1995-12-20	x-ray diffraction	1.0	1.5183582666605195	1.5186032924996384
1ixhH	1996-08-01	x-ray diffraction	0.98	1.5190143658562005	1.5192546120447834
1svyH	1998-08-10	x-ray diffraction	1.75	1.5248320341282167	1.5241720880304164
1hclH	1996-06-03	x-ray diffraction, single crystal	1.8	1.5283824162871495	1.5279371496029723
3pviAH	1998-10-09	x-ray diffraction	1.59	1.536747551598157	1.538352292655175
1btkAH	1997-07-01	x-ray diffraction	1.6	1.5252195815020297	1.5256227486755258
1arbH	1993-04-15	x-ray diffraction	1.2	1.5229787755953195	1.523621149413044
1qh8BH	1999-05-11	x-ray diffraction	1.6	1.5232479536363623	1.5223311132279638
1bpiH	1995-02-18	x-ray diffraction	1.1	1.5158023055898462	1.5135956736740375
1akrH	1997-05-27	x-ray diffraction	1.58	1.5247671574819919	1.5249417723426795
2cplH	1992-06-30	x-ray diffraction	1.63	1.5221134177867912	1.5213192918248428
1dpsDH	1998-02-23	x-ray diffraction	1.6	1.5350919553077749	1.5359961200132757
1uchH	1997-10-06	x-ray diffraction	1.8	1.5280653017193582	1.5285218796721503
1gofH	1993-09-30	x-ray diffraction	1.7	1.529989756425511	1.529518548170592
2mcmH	1991-05-08	x-ray diffraction	1.5	1.5234001049173305	1.5223080158143034
1ptfH	1993-10-04	x-ray diffraction	1.6	1.5318952633103402	1.5305000294408446
2arcBH	1996-10-29	x-ray diffraction	1.5	1.5264230301358799	1.5270696720838548
1sbpH	1993-07-19	x-ray diffraction	1.7	1.5282170649093838	1.5270459656244768
2engH	1995-06-29	x-ray diffraction	1.5	nan	1.5256250884497797
1c52H	1997-06-23	x-ray diffraction	1.28	1.5270775736341506	1.5281829438282517
1a6mH	1998-02-26	x-ray diffraction	1.0	1.5199272376997763	1.5200735086799886
1ervH	1996-02-07	x-ray diffraction	1.65	1.5260528687605837	1.5264683798339016
1pymAH	1999-02-25	x-ray diffraction	1.8	1.52875852252408	1.5284621435653056
1pmiH	1996-04-03	x-ray diffraction	1.7	1.5221147051795176	1.5219743545858295
2bbkLH	1993-12-17	x-ray diffraction	1.75	1.5171538258294957	1.5168019756187983
2lisH	1999-04-16	x-ray diffraction	1.35	1.5225609771147197	1.5221358917011223
1bg2H	1998-06-04	x-ray diffraction	1.8	1.5234491338873055	1.523480013076701
1pcfAH	1997-09-09	x-ray diffraction	1.74	1.5253795510395491	1.5264272203660347
1lbuH	1996-03-16	x-ray diffraction	1.8	1.5280624962053893	1.5279110194266934
2trxAH	1990-03-19	x-ray diffraction	1.68	1.521666082254613	1.5216883974511737
1bf4AH	1998-05-27	x-ray diffraction	1.6	1.5265802491794038	1.5278787649452483
1edmBH	1996-03-21	x-ray diffraction	1.5	1.5226107536759264	1.523312989038276
1phnAH	1995-06-21	x-ray diffraction	1.65	1.526658132490119	1.5265498661537196
1kp6H	1999-05-28	x-ray diffraction	1.8	1.5245297039225552	1.524103262013938
1qnjH	1999-10-15	x-ray diffraction	1.1	1.5198714545309442	1.5209851415341138
1fasH	1992-08-07	x-ray diffraction	1.8	1.526287750277154	1.5274953860272653
1qlwAH	1999-09-17	x-ray diffraction	1.1	1.520845048500576	1.5213589496540227
1c3wH	1999-07-28	x-ray diffraction	1.55	1.517747967635947	1.5193801707280823
1c75H	2000-02-09	x-ray diffraction	0.97	1.5189634706042932	1.5199185017021017
2ilkH	1996-07-01	x-ray diffraction	1.6	1.528050326414917	1.5265754406692749
1tyvH	1996-07-26	x-ray diffraction	1.8	1.5255236514963706	1.525603587888606
1b67AH	1999-01-19	x-ray diffraction	1.48	1.5223392962034124	1.522160013715947
1aruH	1995-04-25	x-ray diffraction	1.6	1.5235852782107744	1.5238316318706704
2dpmH	1998-09-03	x-ray diffraction	1.8	1.527232564237845	1.527505204374992
1cpqH	1995-08-14	x-ray diffraction	1.72	1.5274629845405672	1.5280220238491067
1abaH	1992-04-24	x-ray diffraction	1.45	1.5245637788704653	1.525378889105392
3nulH	1996-11-27	x-ray diffraction	1.6	1.5262214541272012	1.5266879650352922
1taxH	1998-09-15	x-ray diffraction	1.14	1.5287479358137626	1.5283523148130511
1npkH	1994-07-27	x-ray diffraction	1.8	1.5235079509539509	1.5234925966455175
1c24H	1999-07-22	x-ray diffraction	1.7	1.5207266737672607	1.51954719036927
1dcsH	1998-06-05	x-ray diffraction	1.3	1.5219477153589742	1.5218048938713964
1czfAH	1999-09-02	x-ray diffraction	1.68	1.5167184593599934	1.5161351040186777
1qhvH	1999-05-28	x-ray diffraction	1.51	1.52484493447905	1.5241364137383302
2driH	1994-09-23	x-ray diffraction	1.6	1.528744187660345	1.5289549825986697
1a62H	1998-03-05	x-ray diffraction	1.55	1.5220277943801734	1.5220540962785087
1kuhH	1996-02-22	x-ray diffraction	1.6	1.5234828549763189	1.5235284733726342
1bteAH	1998-09-01	x-ray diffraction	1.5	1.525282982118895	1.5261312696553935
1bs9H	1998-09-01	x-ray diffraction	1.1	1.519366723125941	1.5198803794425044
1cczH	1999-03-02	x-ray diffraction	1.8	1.522142801388747	1.521290037159853
1atlACH	1995-05-26	x-ray diffraction	1.8	1.525542789383775	1.525425912821625
1bs0H	1998-08-31	x-ray diffraction	1.65	1.523268623671794	1.5229808607301287
2actH	1979-11-27	x-ray diffraction	1.7	1.5400296814075425	1.5396828650881103
1chdH	1995-03-09	x-ray diffraction	1.75	1.5249748248270154	1.5254535160268445
1qjdH	1999-06-23	x-ray diffraction	1.8	1.5226555247477758	1.5228952228164787
1nkrH	1998-06-24	x-ray diffraction	1.7	1.5224419074062732	1.5226063281005127
3pteH	1994-08-05	x-ray diffraction	1.6	1.5261971556189655	1.5261570309736257
1xwlH	1998-07-22	x-ray diffraction	1.7	1.5254904520096217	1.5261694734514537
3vubH	1998-04-17	x-ray diffraction	1.4	1.5259759937412511	1.5260050964721017
1dnlH	1999-12-16	x-ray diffraction	1.8	1.5255294893035327	1.5256321259496133
1b8oH	1999-02-02	x-ray diffraction	1.5	1.5250224878937668	1.525609917002226
1nulBH	1996-10-15	x-ray diffraction	1.8	1.5258119361761369	1.5255992612199374
3sebH	1997-11-26	x-ray diffraction	1.48	1.5234325334007384	1.5239920797627065
3chyH	1991-04-22	x-ray diffraction	1.66	1.5295442385746578	1.5301097238302193
1c3dH	1998-05-19	x-ray diffraction	1.8	1.5267298676685603	1.5267357671553095
1gcaH	1993-05-13	x-ray diffraction	1.7	1.5239165396685324	1.523713079143494
1noxH	1996-11-20	x-ray diffraction	1.59	1.5229996529240442	1.5230731272342417
1nkdH	1997-09-23	x-ray diffraction	1.07	1.5096695445975632	1.5063116360083464
1bi5H	1998-06-22	x-ray diffraction	1.56	1.523674224367461	1.523701051192953
1a8eH	1998-03-24	x-ray diffraction	1.6	1.5180548857525626	1.5184937221328598
1b6aH	1999-01-13	x-ray diffraction	1.6	1.5232053505156085	1.5228630507621883
1ubpH	1998-01-21	x-ray diffraction	1.65	1.5232838929211083	1.5235362270235133
1qczH	1999-05-10	x-ray diffraction	1.5	nan	1.5286267431221257
1h2rLH	1999-06-14	x-ray diffraction	1.4	1.5303294511335792	1.5307522780854137
1aopH	1997-07-08	x-ray diffraction	1.6	1.5289345067478195	1.5291955679829492
1hpmH	1995-03-24	x-ray diffraction	1.7	1.5255841992864956	1.525949738122107
1qk5AH	1999-07-09	x-ray diffraction	1.6	1.5254772297215222	1.5259648732966908
1qj4H	1999-06-21	x-ray diffraction	1.1	1.5212453847588663	1.5210677311192968
1lclH	1996-01-18	x-ray diffraction	1.8	1.5246957186990686	1.5239618455463384
1g3pH	1997-12-22	x-ray diffraction	1.46	1.5260982369642264	1.5253852708043028
1ah7H	1997-04-14	x-ray diffraction	1.5	1.5197579331744426	1.5192300504151899
1rcfH	1994-10-31	x-ray diffraction	1.4	1.5167105215975751	1.5177152116135155
1thvH	1994-06-10	x-ray diffraction	1.75	1.5146167952479774	1.5144494476685064
1elkAH	2000-03-13	x-ray diffraction	1.5	1.5236678929365801	1.5217630550754542
2nacAH	1994-07-06	x-ray diffraction	1.8	1.5262469043350608	1.523240031404005
1idoH	1996-03-12	x-ray diffraction	1.7	1.528481869902679	1.5284670525343542
1cv8H	1998-05-08	x-ray diffraction	1.75	1.525617041102292	1.5225271433448038
1pgsH	1994-10-06	x-ray diffraction	1.8	1.5153066511403808	1.5159801925083434
1ra9H	1996-10-28	x-ray diffraction	1.55	1.5177329254520364	1.517157139062265
1yacBH	1998-07-29	x-ray diffraction	1.8	1.5258405878580874	1.5264244545364618
1ejgH	2000-03-02	x-ray diffraction	0.54	1.5266944897961197	1.5274519774933495
4lztH	1997-03-31	x-ray diffraction	0.95	1.516146037074977	1.5171355690135078
2sakH	1997-02-20	x-ray diffraction	1.8	1.5247113099426461	1.525095192341722
1bueH	1998-09-03	x-ray diffraction	1.64	1.527283274830888	1.5280716240491743
1bgcH	1993-04-27	x-ray diffraction	1.7	1.5262814528811774	1.5262705650693706
1dozH	1999-12-22	x-ray diffraction	1.8	1.5271538600431298	1.5272720636488746
1gceH	1999-05-17	x-ray diffraction	1.8	nan	1.5281487373843898
1uroH	1998-08-21	x-ray diffraction	1.8	1.529208531699475	1.5292553175339234
1tifH	1995-08-16	x-ray diffraction	1.8	1.5262182623591198	1.5261759399023576
1stnH	1993-02-17	x-ray diffraction	1.7	1.5245158584087386	1.526859583391976
7a3hH	1998-08-05	x-ray diffraction	0.95	1.5205655115199983	1.5206169614850573
1rzlH	1997-10-09	x-ray diffraction	1.6	1.527378424190303	1.528772708580138
1lstH	1993-02-25	x-ray diffraction	1.8	1.5235287343186708	1.5241114792834776
1bbhAH	1992-05-18	x-ray diffraction	1.8	1.5248396479264905	1.5239376901055013
1uteH	1999-01-18	x-ray diffraction	1.55	1.5238278922776836	1.5239310165553008
1mgtH	1999-01-12	x-ray diffraction	1.8	1.524535856444049	1.5256611614898135
1bu8H	1998-09-14	x-ray diffraction	1.8	1.5252515077393416	1.525669361610748
9wgaAH	1990-04-20	x-ray diffraction	1.8	1.5245727605360728	1.523502652938086
1b9wH	1999-02-15	x-ray diffraction	1.8	1.5282672903981291	1.5242599261295877
1mdcH	1992-07-20	x-ray diffraction	1.75	nan	1.5206129284437873
1dxgAH	1997-07-04	x-ray diffraction	1.8	1.5207975324332381	1.5193252250317506
6gsvBH	1996-01-26	x-ray diffraction	1.75	1.528816879220051	1.5277655426668246
2myrH	1997-03-23	x-ray diffraction	1.6	1.5272130652097888	1.527579052574742
1pdaH	1992-11-17	x-ray diffraction	1.76	1.5260246505786834	1.5257846902468055
5icbH	1997-03-05	x-ray diffraction	1.5	1.5275337613775108	1.5274504647441116
1qs1AH	1999-06-25	x-ray diffraction	1.5	1.5247412333016903	1.525142105586291
1cvlH	1997-01-09	x-ray diffraction	1.6	1.5298309670444177	1.528610787246587
1bf6BH	1998-05-27	x-ray diffraction	1.7	1.5288260580506314	1.529259508708814
1iibAH	1996-12-23	x-ray diffraction	1.8	1.5291932539936035	1.5290582353323032
1byqH	1998-10-19	x-ray diffraction	1.5	1.5315163325474277	1.531021724455282
1bx4H	1998-10-13	x-ray diffraction	1.5	1.5348779929384297	1.5352227406685226
1mlaH	1995-01-25	x-ray diffraction	1.5	1.5242491706975427	1.5243562018541796
3btoAH	1996-11-08	x-ray diffraction	1.66	1.5248988272897348	1.522722516427624
1rieH	1996-02-23	x-ray diffraction	1.5	1.527535950292836	1.5283571687099857
1aquAH	1997-08-01	x-ray diffraction	1.6	1.5323749831465356	1.532405972851489
1narH	1993-09-10	x-ray diffraction	1.8	1.5263276823142522	1.5262485902243492
1fnaH	1994-01-11	x-ray diffraction	1.8	1.533383886648203	1.533520341914357
1uaeH	1996-09-30	x-ray diffraction	1.8	1.5285975592610295	1.5278976588356028
1fltVH	1997-11-20	x-ray diffraction	1.7	1.528532278634447	1.5267630566954047
1egwAH	2000-02-17	x-ray diffraction	1.5	1.525634534120107	1.5264627074314647
1byiH	1998-10-15	x-ray diffraction	0.97	1.5200007327501281	1.5213440074305837
1qgiH	1999-04-28	x-ray diffraction	1.6	1.5264192902609584	1.5264963136562906
1b0uH	1998-11-12	x-ray diffraction	1.5	nan	1.523785786825624
1tgsIH	1982-09-27	x-ray diffraction	1.8	1.5251903667393292	1.5249304876301242
1qauH	1999-03-29	x-ray diffraction	1.25	1.5226344342581528	1.5226469979454906
1d3vAH	1999-10-01	x-ray diffraction	1.7	1.529464411598627	1.5297604581166582
1plcH	1992-03-11	x-ray diffraction	1.33	1.5257656848933725	1.5273394176101587
1bqkH	1998-08-17	x-ray diffraction	1.35	1.5221608965210929	1.5211146198862953
1atgH	1997-08-14	x-ray diffraction	1.2	1.5213047406858462	1.520833238145152
1mrjH	1994-07-01	x-ray diffraction	1.6	1.5274059818696217	1.527873438642148
1qksAH	1999-08-04	x-ray diffraction	1.28	1.5236518290169059	1.5239840477565418
1nbcAH	1996-09-10	x-ray diffraction	1.8	1.5225658654136638	1.5229891805171991
1dfuPH	1999-11-21	x-ray diffraction	1.8	1.523987856549093	1.5239682206817626
1auoAH	1997-09-01	x-ray diffraction	1.8	1.5210225923381895	1.5209814408107625
1dciAH	1998-02-13	x-ray diffraction	1.5	1.5231630942849061	1.523707129105897
1a3aDH	1998-01-19	x-ray diffraction	1.8	1.522767535845335	1.5223185442339568
1penH	1996-01-29	x-ray diffraction	1.1	1.5256424322737732	1.525816304759428
1hmtH	1994-01-02	x-ray diffraction	1.4	1.5237887672656971	1.5243507711207196
8abpH	1991-04-25	x-ray diffraction	1.49	1.5292884845707577	1.5274933831381128
1btyH	1995-05-17	x-ray diffraction	1.5	1.534426547892663	1.5343139396622918
1moqH	1997-04-11	x-ray diffraction	1.57	1.5261525555911235	1.5257788161654722
1fdrH	1997-03-06	x-ray diffraction	1.7	1.5249989819301513	1.5244816792151314
1evhABH	1999-04-21	x-ray diffraction	1.8	1.5229460580888845	1.523803304011075
1mskH	1996-08-03	x-ray diffraction	1.8	1.5219891708657605	1.5218427278265507
1munH	1998-08-26	x-ray diffraction	1.2	1.5193358886661799	1.5197756124670683
2a0bH	1998-04-02	x-ray diffraction	1.57	1.5265079007722544	1.52265217756665
2fdnH	1997-10-01	x-ray diffraction	0.94	1.5198375232755692	1.5191102370179372
1lkkH	1995-11-10	x-ray diffraction	1.0	1.5249963952123335	1.523488245992753
1qf9H	1999-04-07	x-ray diffraction	1.7	1.5264806807867255	1.526651971060018
2igdH	1997-04-30	x-ray diffraction	1.1	1.5195168774416705	1.5190328876283619
1qnfH	1997-07-04	x-ray diffraction	1.8	1.523592066023852	1.5239645893298075
1cyoH	1994-08-03	x-ray diffraction	1.5	1.5302331713143107	1.5303005412347872
1xikAH	1996-08-06	x-ray diffraction	1.7	1.5212283733605103	1.5209327180730212
1nddBH	1998-08-21	x-ray diffraction	1.6	1.5250700229203877	1.5249893587919692
1dvjAH	2000-03-30	x-ray diffraction	1.5	1.523847845794408	1.52322319971635
1vieH	1996-10-03	x-ray diffraction	1.7	1.516902285640401	1.5141713959403327
1aacH	1995-09-07	x-ray diffraction	1.31	1.522833174494334	1.5229391600323345
1c1lH	1999-03-03	x-ray diffraction	1.5	1.5191774433223746	1.5190637333442454
1vccH	1995-10-02	x-ray diffraction	1.6	1.5294415583448335	1.5302505750728825
1dlfH	1998-07-14	x-ray diffraction	1.45	1.5268738345364121	1.5265127854022895
1cxcH	1994-02-14	x-ray diffraction	1.6	1.5192923106629488	1.520249789442143
1ugiDH	1998-11-04	x-ray diffraction	1.55	1.5235672664518414	1.5246244996229403
1hcrAH	1993-12-17	x-ray diffraction	1.8	1.519344347242995	1.5179303433067024
256bAH	1990-01-16	x-ray diffraction	1.4	1.5261886458950706	1.52672059956706
2cpgAH	1999-11-15	x-ray diffraction	1.6	1.5224248818190949	1.5224080563809357
1qq5AH	1999-06-10	x-ray diffraction	1.52	1.5259435851293761	1.5258954287757993
1di6H	1999-11-29	x-ray diffraction	1.45	1.523380010813228	1.5238324622490753
3stdAH	1998-10-16	x-ray diffraction	1.65	1.5269313314050945	1.5269432565508647
1qusH	1999-07-03	x-ray diffraction	1.7	1.5279702925211274	1.52844331093337
16pkH	1998-05-18	x-ray diffraction	1.6	1.5253244498017224	1.5251521999471351
1fncH	1995-01-05	x-ray diffraction	1.7	1.520691969604572	1.519879264964333
6celH	1997-09-24	x-ray diffraction	1.7	1.5245139483550052	1.5243932057002936
1tmlH	1993-06-08	x-ray diffraction	1.8	1.5235683485239966	1.5236431027903232
1avwBH	1997-09-21	x-ray diffraction	1.75	1.5248367090365278	1.5245768137439877
1fdsH	1996-06-28	x-ray diffraction	1.7	1.5242678990627123	1.5236446063623217
4eugH	1998-12-27	x-ray diffraction	1.4	1.5227800299741179	1.522453523214268
1dp7PH	1999-12-23	x-ray diffraction	1.5	1.5236994848389542	1.5231415646392163
1qqqH	1999-06-07	x-ray diffraction	1.5	1.5241671443420863	1.5244549221165162
1lmb4H	1991-11-05	x-ray diffraction	1.8	1.5208323524907676	1.521768600955104
1akoH	1997-05-26	x-ray diffraction	1.7	1.5253636536415938	1.5259026031786682
1nifH	1995-07-03	x-ray diffraction	1.6	1.5324881268263544	1.5299743967869062
2rn2H	1992-04-15	x-ray diffraction	1.48	1.5238405534059782	1.5229096777164617
1a92AH	1998-04-15	x-ray diffraction	1.8	1.5250848699773993	1.5257447404755524
2hbgH	1991-02-11	x-ray diffraction	1.5	1.5223852322031133	1.5214800120999603
2cbpH	1996-03-16	x-ray diffraction	1.8	1.5270958248058948	1.5261991272461441
2tgiH	1993-10-20	x-ray diffraction	1.8	1.5257700647198047	1.526660969947711
1cexH	1997-02-18	x-ray diffraction	1.0	1.5163043305122852	1.5150578531554209
1opdH	1996-08-01	x-ray diffraction	1.5	1.5327456464240892	1.5331435097449457
1whiH	1996-01-10	x-ray diffraction	1.5	1.524271470022345	1.523625155079197
1brtH	1998-03-30	x-ray diffraction	1.5	1.5162183757242162	1.51637200919954
3eipAH	1999-03-29	x-ray diffraction	1.8	1.5231829982768244	1.523515372109551
1mugH	1998-07-10	x-ray diffraction	1.8	1.5283010371744874	1.527901862353103
1gvpH	1997-02-26	x-ray diffraction	1.6	1.5272846706526655	1.5277309370867038
1bj7H	1998-07-02	x-ray diffraction	1.8	1.524054025981661	1.5233085087196048
1dhnH	1998-03-31	x-ray diffraction	1.65	1.5280587526012683	1.5265576036214306
1ctfH	1986-09-02	x-ray diffraction	1.7	1.5238570385656824	1.5214437215050012
1vjsH	1996-10-02	x-ray diffraction	1.7	1.5257730867329136	1.5251782391559912
4pgaAH	1997-01-14	x-ray diffraction	1.7	1.5292474954067186	1.5288196136486687
1c3pH	1999-07-28	x-ray diffraction	1.8	1.5245850512439314	1.5247999639730456
1bfdH	1998-04-30	x-ray diffraction	1.6	1.5270672077199445	1.5267484554213073
1osaH	1993-08-11	x-ray diffraction	1.68	1.5213579617597186	1.521526309516028
1bw9AH	1998-10-01	x-ray diffraction	1.5	1.521329216653511	1.5211818629381817
1ezmH	1992-01-13	x-ray diffraction	1.5	1.5253557554914574	1.5251594519207927
1htrH	1994-10-21	x-ray diffraction	1.62	1.5219627479755777	1.5224463990484756
1nwpAH	1997-09-06	x-ray diffraction	1.6	1.5243848128453865	1.5249091131957235
1dbgH	1999-11-02	x-ray diffraction	1.7	1.5239380851072215	1.5240426136178211
1hkaH	1998-09-29	x-ray diffraction	1.5	1.5231003798048988	1.5230000868564582
1mjhBH	1998-11-04	x-ray diffraction	1.7	1.5225840183880255	1.5231824044864952
3ebxH	1988-01-15	x-ray diffraction	1.4	1.5244489286201621	1.523492459242319
2cbaH	1992-06-01	x-ray diffraction	1.54	1.5275510462726234	1.5275563505716243
2spcAH	1994-03-01	x-ray diffraction	1.8	1.5325916927040073	1.5304594396159927
1qu9AH	1999-07-07	x-ray diffraction	1.2	1.525046428483407	1.5249534904319808
1fmbH	1996-02-27	x-ray diffraction	1.8	1.5270814684357263	1.5272529439763107
119lH	1993-05-28	x-ray diffraction	1.65	1.5295339224052182	1.5290400389128358
1bhpH	1995-03-15	x-ray diffraction	1.7	1.5209561832109963	1.5224981314312533
2cppH	1987-04-06	x-ray diffraction	1.63	1.52236004460928	1.5237660331402252
2cuaAH	1999-02-18	x-ray diffraction	1.6	1.5234737321393754	1.523695918295491
1zinH	1996-06-07	x-ray diffraction	1.6	1.5268701018611597	1.526446913425758
7fd1H	1998-12-11	x-ray diffraction	1.3	1.520912081907398	1.5199415853447595
1nfnH	1996-07-17	x-ray diffraction	1.8	1.5229129753223571	1.5234818073728382
1gciH	1998-09-02	x-ray diffraction	0.78	1.5264031498743318	1.5270173629768022
1mmlH	1995-07-18	x-ray diffraction	1.8	1.5227579353765794	1.5225635083528108
2ayhH	1995-02-02	synchrotron x-ray diffraction	1.6	1.5183201243891202	1.5183868820811768
1gaiH	1996-03-06	x-ray diffraction	1.7	1.5285794487937783	1.528963731834679
1cs1AH	1998-09-23	x-ray diffraction	1.5	1.5262791577899217	1.5264665235892179
1tenH	1992-08-28	x-ray diffraction	1.8	nan	1.5228870608062473
3pypH	1998-07-28	x-ray diffraction	0.85	1.5212554154005644	1.5218211101841455
4xisH	1991-03-25	x-ray diffraction	1.6	nan	1.5242836611148918
1a1yIH	1997-12-18	x-ray diffraction	1.05	1.5177006535753996	1.5187021389227804
2msbAH	1992-07-28	x-ray diffraction	1.7	nan	1.5210446958730568
2hftH	1995-09-08	x-ray diffraction	1.69	1.5274838620792681	1.5285295545879005
1bkbH	1998-07-05	x-ray diffraction	1.75	1.5230105814211943	1.5229390674871048
1ek6AH	2000-03-06	x-ray diffraction	1.5	1.522532063078584	1.5218253907590116
1aylH	1995-12-07	x-ray diffraction	1.8	1.5271228957924352	1.5275161634335
1qcxH	1999-05-13	x-ray diffraction	1.7	1.5253028522097867	1.525459259395949
1mctIH	1992-10-24	x-ray diffraction	1.6	1.5256413023081166	1.5244874225982286
1cl8H	1999-05-06	x-ray diffraction	1.8	1.5260636440128934	1.5262210988106915
1c02AH	1999-07-14	x-ray diffraction	1.8	1.526137621499269	1.5263045696471929
1qsgGH	1999-06-21	x-ray diffraction	1.75	1.5279128517024427	1.5265474511714983
1czpAH	1999-09-06	x-ray diffraction	1.17	1.5215824968692517	1.5221810801856408
1cc8H	1999-03-04	x-ray diffraction	1.02	1.525511931326312	1.526684559503484
1ek0H	2000-03-06	x-ray diffraction	1.48	1.5230704224122802	1.5234265999014323
1a2zAH	1998-01-13	x-ray diffraction	1.73	1.5255923636010853	1.5245219017637655
1babBH	1992-05-06	x-ray diffraction	1.5	1.522704157366736	1.523673388441229
1cemH	1995-12-04	x-ray diffraction	1.65	1.5301763074207957	1.530588130414211
1gdjH	1994-09-14	x-ray diffraction	1.7	1.5228961491460766	1.5232923788759196
2baaH	1995-01-26	x-ray diffraction	1.8	1.5294559710651676	1.5292317768617514
1difAH	1995-10-09	x-ray diffraction	1.7	1.515862295952428	1.5175079714143163
1cipH	1999-04-05	x-ray diffraction	1.5	1.5294015530227374	1.5291702667114642
1bg6H	1998-06-05	x-ray diffraction	1.8	1.521142053049064	1.522102839255154
1b4vH	1998-12-30	x-ray diffraction	1.5	1.526530589994395	1.5265797122400295
1qtwH	1999-06-29	x-ray diffraction	1.02	1.5219507210641774	1.5231172511269948
1wabH	1996-10-30	x-ray diffraction	1.7	1.525753128035626	1.525662756158551
2qwcH	1998-04-07	x-ray diffraction	1.6	1.5273940416466039	1.5276821179608464
1iabH	1994-05-09	x-ray diffraction	1.79	1.5277300084625922	1.5269688704114945
1xjoH	1996-10-09	x-ray diffraction	1.75	1.5263114393399404	1.5276588728789418
1cjwH	1999-04-19	x-ray diffraction	1.8	1.5255186933240148	1.5262013878159235
2acyH	1996-11-08	x-ray diffraction	1.8	1.523151564871915	1.5237747811989955
1bb1AH	1998-04-28	x-ray diffraction	1.8	1.5262623486389038	1.526933011701916
1jetH	1996-07-03	x-ray diffraction	1.2	1.5241210370489375	1.5238980145639416
1isuAH	1992-09-09	x-ray diffraction	1.5	1.5297886595802015	1.5320737912715572
1rhsH	1997-07-16	x-ray diffraction	1.36	1.5220668774036907	1.5215574372588812
1mpgBH	1997-10-28	x-ray diffraction	1.8	1.527896439092538	1.527784474736163
1bkjAH	1998-07-08	x-ray diffraction	1.8	1.530870380593264	1.5312604160944434
1a7sH	1998-03-17	x-ray diffraction	1.12	1.5207552840619798	1.520252355550556
1tph1H	1993-12-22	x-ray diffraction	1.8	1.5234722910765555	1.5215679216579283
3claH	1990-07-09	x-ray diffraction	1.75	1.531297104515438	1.5306679889101495
1mfiAH	1998-08-12	x-ray diffraction	1.8	1.5282075557009815	1.5258142483240027
1mbaH	1989-02-22	x-ray diffraction	1.6	1.5212969005145116	1.5201081629714308
1ahoH	1997-04-08	x-ray diffraction	0.96	1.5207962790939966	1.518194638065444
1xnbH	1994-06-01	x-ray diffraction	1.49	1.5223830365444762	1.5218872416931077
1kpfH	1997-09-25	x-ray diffraction	1.5	1.5304999860521151	1.5307848207817998
1mroBH	1997-10-01	x-ray diffraction	1.16	1.5259124527681878	1.5264071278822366
1qupAH	1999-07-01	x-ray diffraction	1.8	1.5230811313202617	1.523551321696935
1flmBH	1999-03-10	x-ray diffraction	1.3	1.521013585344213	1.5208829317251191
2hmzAH	1990-10-18	x-ray diffraction	1.66	1.5222696516539997	1.5234108909330082
1ql0AH	1999-08-18	x-ray diffraction	1.1	1.5205139417745266	1.5210899963992377
1bk7H	1998-07-15	x-ray diffraction	1.75	1.5256630056544236	1.5254883264532897
7atjH	1999-04-26	x-ray diffraction	1.47	1.5233777659542487	1.523631216735345
1kveABH	1996-10-04	x-ray diffraction	1.8	1.5284297512358287	1.5257974320003331
1gd1OH	1987-06-22	x-ray diffraction	1.8	1.5240486773404933	1.5229024538014864
1vfrAH	1998-01-09	x-ray diffraction	1.8	1.5258943628731718	1.5257660184705877
1mroCH	1997-10-01	x-ray diffraction	1.16	1.5256425948982868	1.5255629247857025
2bc2AH	1997-09-09	x-ray diffraction	1.7	1.5262790367274406	1.526109388558757
1qipBH	1999-06-14	x-ray diffraction	1.72	1.5231030982075433	1.5225338228123542
7rsaH	1988-06-10	x-ray diffraction	1.26	1.529692179920085	1.5286157766041786
1vhhH	1995-10-03	x-ray diffraction	1.7	1.5243692137981821	1.5247016310732355
1agjAH	1997-03-25	x-ray diffraction	1.7	1.520737663653641	1.5213340247171914
1ckaH	1995-01-24	x-ray diffraction	1.5	1.526616468481927	1.5267829040890284
1gpeAH	1999-03-24	x-ray diffraction	1.8	1.5215731844844447	1.522095937189122
1pdoH	1996-03-08	x-ray diffraction	1.7	1.527096202428693	1.5270082857954337
1bdoH	1995-11-21	x-ray diffraction	1.8	1.5238366064095314	1.5242733759882499
1cnvH	1995-02-20	x-ray diffraction	1.65	1.52621035408007	1.52652331335747
1lucBH	1996-05-10	x-ray diffraction	1.5	1.524261396034026	1.5248057553492251
2tnfAH	1998-10-12	x-ray diffraction	1.4	1.524303408795109	1.5231284001133156
1swuBH	1998-10-12	x-ray diffraction	1.14	1.522682749819752	1.523341194604001
2bbkHH	1993-12-17	x-ray diffraction	1.75	1.5161864112490384	1.515973692575712
1b5eAH	1999-01-06	x-ray diffraction	1.6	1.5261760583196147	1.5262375027385995
1h2rSH	1999-06-14	x-ray diffraction	1.4	1.5308583925694548	1.530732512889408
1wapBH	1995-02-03	synchrotron x-ray diffraction	1.8	1.5263835238107888	1.5243745192465163
